Residue,Importance
ARG439,0.05450000000000001
ARG2,0.0533
ARG483,0.0326
ARG221,0.0271
ARG688,0.025249999999999998
LYS611,0.02465
ASP98,0.0223
ASP218,0.02115
ARG215,0.02115
ARG796,0.02055
ASP76,0.01865
ASP686,0.0185
GLU386,0.01705
ARG817,0.0166
GLU207,0.01595
ASP614,0.01565
ASP116,0.0155
LYS280,0.0155
GLU765,0.0149
ASP46,0.0148
LYS394,0.0145
ASP598,0.0144
LYS96,0.0144
GLU55,0.0141
GLU820,0.01375
ASP792,0.013649999999999999
GLU284,0.013250000000000001
ASP47,0.0132
ARG214,0.01315
GLU196,0.01255
LYS163,0.01255
GLU762,0.012299999999999998
GLU71,0.012
GLU618,0.01175
ASP39,0.0116
LYS60,0.0116
ARG123,0.01155
ARG757,0.01155
GLU459,0.010799999999999999
ASP741,0.01065
LYS734,0.01065
GLU254,0.01055
LYS352,0.01055
GLU490,0.01015
ARG390,0.01015
ASP205,0.01005
ASP565,0.01
GLU220,0.0099
GLU97,0.00925
LYS304,0.009
ARG308,0.00795
GLU423,0.0079
ARG422,0.0079
LYS689,0.0074
ASP476,0.0067
ASP251,0.00655
GLU813,0.00655
ARG828,0.00645
ARG64,0.00625
ASP478,0.0062
GLU842,0.0062
ARG827,0.0062
GLU3,0.00585
ASP245,0.0056
GLU411,0.00555
ASP634,0.00525
ASP367,0.00505
ARG229,0.00505
ARG373,0.005
ARG713,0.00495
GLU464,0.0043
GLU440,0.00405
ASP764,0.00395
LYS112,0.00395
GLU434,0.00385
ARG264,0.00385
GLU433,0.0038
LYS311,0.0038
ASP463,0.0037
GLU290,0.0036
LYS338,0.0036
GLU482,0.00325
ARG105,0.0032
GLU183,0.00255
ARG84,0.00165
ASP732,0.0011
ARG743,0.0011
LYS40,0.0005499999999999999
ASP199,0.0002
LYS166,0.0002
ARG499,0.0002
ASP120,0.0
ASP127,0.0
ASP160,0.0
ASP211,0.0
ASP306,0.0
ASP322,0.0
ASP327,0.0
ASP33,0.0
ASP345,0.0
ASP392,0.0
ASP396,0.0
ASP424,0.0
ASP431,0.0
ASP511,0.0
ASP525,0.0
ASP551,0.0
ASP555,0.0
ASP640,0.0
ASP646,0.0
ASP661,0.0
ASP854,0.0
ASP864,0.0
GLU113,0.0
GLU155,0.0
GLU168,0.0
GLU22,0.0
GLU279,0.0
GLU27,0.0
GLU297,0.0
GLU415,0.0
GLU429,0.0
GLU545,0.0
GLU560,0.0
GLU562,0.0
GLU594,0.0
GLU595,0.0
GLU631,0.0
GLU642,0.0
GLU725,0.0
GLU780,0.0
GLU838,0.0
GLU849,0.0
GLU858,0.0
GLU90,0.0
ARG156,0.0
ARG121,0.0
LYS124,0.0
LYS326,0.0
LYS430,0.0
ARG514,0.0
ARG523,0.0
LYS559,0.0
ARG558,0.0
LYS591,0.0
ARG599,0.0
ARG593,0.0
ARG650,0.0
LYS761,0.0
ARG79,0.0
ARG699,0.0
ARG746,0.0
LYS401,0.0
ARG243,0.0
ARG320,0.0
ARG339,0.0
ARG402,0.0
LYS456,0.0
ARG678,0.0
ARG755,0.0
LYS540,0.0
ARG719,0.0
LYS816,0.0
LYS829,0.0
